{
    "openable": 3.1788590608140215,
    "pushable": 5.37712397957938,
    "pull": 7.242840332580926,
    "displaY": 3.0016292702824847,
    "contain": 2.4754635814271833,
    "grasp": 2.7004136247773753,
    "listen": 4.782020664390831,
    "pourable": 3.1643563513443644,
    "wrap_grasp": 2.6153168543755125,
    "cut": 4.274872319567915,
    "stab": 7.366870097139774,
    "lift": 8.198248043251597,
    "sittable": 2.335958401692219,
    "support": 1.8115351805136377,
    "move": 1.6352273630930767,
    "press": 5.52790238077728,
    "layable": 5.6999015717980095,
    "wear": 4.380129269535729
}