{
    "openable": 3.302842675550101,
    "pushable": 5.576064377663291,
    "pull": 7.428016163242791,
    "displaY": 3.087267277902101,
    "contain": 2.4448748487888654,
    "grasp": 2.803364585295144,
    "listen": 4.805915729052114,
    "wrap_grasp": 2.7412263179155887,
    "pourable": 3.2652696187802133,
    "cut": 4.6155691819410976,
    "stab": 8.085332762010205,
    "lift": 8.8859188622996,
    "sittable": 2.2926951825557667,
    "support": 1.8939791850985415,
    "move": 1.7078052262862207,
    "press": 5.203854447361678,
    "layable": 5.682628310867632,
    "wear": 4.481722438188354
}